11/03/2024,04:35,18:10
12/03/2024,04:33,18:12
13/03/2024,04:30,18:14
14/03/2024,04:28,18:16
15/03/2024,04:25,18:17
16/03/2024,04:23,18:19
17/03/2024,04:20,18:21
18/03/2024,04:18,18:23
19/03/2024,04:15,18:24
20/03/2024,04:12,18:26
21/03/2024,04:09,18:28
22/03/2024,04:07,18:30
23/03/2024,04:04,18:31
24/03/2024,04:01,18:33
25/03/2024,03:58,18:35
26/03/2024,03:56,18:37
27/03/2024,03:53,18:39
28/03/2024,03:50,18:40
29/03/2024,03:47,18:42
30/03/2024,03:44,18:44
31/03/2024,04:41,19:46
01/04/2024,04:38,19:47
02/04/2024,04:35,19:49
03/04/2024,04:32,19:51
04/04/2024,04:29,19:53
05/04/2024,04:26,19:54
06/04/2024,04:23,19:56
07/04/2024,04:20,19:58
08/04/2024,04:17,19:59
09/04/2024,04:14,20:01