01/03/2025,05:00,17:52
02/03/2025,04:57,17:53
03/03/2025,04:55,17:55
04/03/2025,04:53,17:57
05/03/2025,04:50,17:59
06/03/2025,04:48,18:01
07/03/2025,04:46,18:03
08/03/2025,04:43,18:04
09/03/2025,04:41,18:06
10/03/2025,04:39,18:08
11/03/2025,04:36,18:10
12/03/2025,04:34,18:12
13/03/2025,04:31,18:13
14/03/2025,04:29,18:15
15/03/2025,04:26,18:17
16/03/2025,04:23,18:19
17/03/2025,04:21,18:20
18/03/2025,04:18,18:22
19/03/2025,04:15,18:24
20/03/2025,04:13,18:26
21/03/2025,04:10,18:28
22/03/2025,04:07,18:29
23/03/2025,04:05,18:31
24/03/2025,04:02,18:33
25/03/2025,03:59,18:35
26/03/2025,03:56,18:36
27/03/2025,03:54,18:38
28/03/2025,03:51,18:40
29/03/2025,03:48,18:42